{
    "cal_pwr": 0.0029448782745724114,
    "cal_values": [
        0.4783603013532807,
        0.45515598908895016,
        0.44963990909856383,
        0.44730654679185317,
        0.44404472298008374,
        0.44047663023500033,
        0.4387396680551553,
        0.4408437375828613,
        0.4479965712329665,
        0.4604827106352571,
        0.47782285213302556,
        0.4990414889162228,
        0.5229416749294503,
        0.5483339481318505,
        0.5741979284388419,
        0.5997745137945647,
        0.6245974823885859,
        0.6484783955439463,
        0.6714599857093394,
        0.6937521914969471,
        0.7156627222294271,
        0.7375312192119,
        0.7596732212481659,
        0.7823375272807023,
        0.8056783480359886,
        0.8297419199616626,
        0.8544660188990402,
        0.8796900265702664,
        0.9051728035783794,
        0.9306155394422276,
        0.9556869062934554,
        0.9800481675681109,
        1.0033763223301624,
        1.0253838451475872,
        1.0458340669248676,
        1.064551699798588,
        1.0814284154213036,
        1.096423725178961,
        1.1095616755525242,
        1.1209240599500052,
        1.1306409632544536,
        1.13887950350025,
        1.1458316256496572,
        1.1517017457552907,
        1.1566949509656923,
        1.1610063427025261,
        1.1648119771769174,
        1.1682617185476507,
        1.1714741833231213,
        1.1745338266874434,
        1.177490107326721,
        1.1803585706270703,
        1.1831236130742093,
        1.1857426342614126,
        1.1881512470119437,
        1.1902691997283061,
        1.1920066664562412,
        1.1932705770115315,
        1.1939706892379431,
        1.1940251451818842,
        1.1933652998160622,
        1.1919396620790466,
        1.1897168407871634,
        1.1866874400281167,
        1.1828648978931335,
        1.178285307135589,
        1.1730062952286433,
        1.1671050733789385,
        1.1606757887647743,
        1.1538263313730348,
        1.1466747564001283,
        1.1393454856210399,
        1.1319654470139153,
        1.124660302035224,
        1.117550895187504,
        1.110750041911202,
        1.104359749409945,
        1.098468941831292,
        1.0931517372833695,
        1.0884663004144568,
        1.0844542715662964,
        1.0811407525669816,
        1.078534810661228,
        1.0766304463529712,
        1.0754079583849914,
        1.074835629891303,
        1.0748716539860297,
        1.0754662146301543,
        1.0765636393675162,
        1.0781045441716681,
        1.08002789684598,
        1.082272933761358,
        1.0847808747486134,
        1.0874963922124135,
        1.0903688025217912,
        1.093352959990045,
        1.0964098458412923,
        1.0995068560666756,
        1.102617802643226,
        1.105722651922202,
        1.1088070318530843,
        1.1118615459218488,
        1.1148809361418939,
        1.1178631401031274,
        1.1208082879819377,
        1.1237176846226902,
        1.1265928194522343,
        1.1294344432589383,
        1.1322417459689782,
        1.1350116637235304,
        1.137738337057143,
        1.140412735063778,
        1.143022453375816,
        1.1455516868260984,
        1.1479813710500901,
        1.1502894812266342,
        1.15245147083403,
        1.154440828861603,
        1.156229730476481,
        1.1577897537727315,
        1.1590926339573642,
        1.1601110261479983,
        1.1608192488262932,
        1.1611939818315329,
        1.1612148954821,
        1.160865190845804,
        1.1601320351901843,
        1.1590068810641219,
        1.157485662117661,
        1.1555688634814454,
        1.1532614691285732,
        1.150572792967857,
        1.147516204321595,
        1.1441087617958527,
        1.1403707722533825,
        1.1363252935714967,
        1.1319976010608725,
        1.1274146378171643,
        1.1226044688857377,
        1.1175957579795996,
        1.1124172836669957,
        1.1070975095273492,
        1.1016642198715554,
        1.096144229360491,
        1.0905631713706434,
        1.0849453663908837,
        1.0793137682334493,
        1.0736899825447175,
        1.068094349137396,
        1.0625460771511892,
        1.0570634200811126,
        1.051663876366472,
        1.046364400559091,
        1.04118161010942,
        1.036131973518331,
        1.0312319669669898,
        1.026498188496243,
        1.0219474212742181,
        1.0175966403577321,
        1.0134629604926544,
        1.0095635257698292,
        1.0059153452073628,
        1.0025350814152434,
        0.9994388022660975,
        0.9966417078078235,
        0.9941578463870653,
        0.9919998350056565,
        0.9901785992305735,
        0.9887031474777995,
        0.9875803931823108,
        0.9868150362770658,
        0.9864095125975096,
        0.9863640164054237,
        0.9866765973220476,
        0.9873433287411398,
        0.988358540449387,
        0.9897151039245325,
        0.9914047548321064,
        0.9934184338228822,
        0.9957466240607965,
        0.9983796621825565,
        1.0013079987746833,
        1.004522385082089,
        1.008013964617007,
        1.0117742516452437,
        1.0157949831516455,
        1.0200678367253964,
        1.0245840136848503,
        1.0293336944396296,
        1.0343053812575966,
        1.0394851519018704,
        1.0448558556158143,
        1.050396290218027,
        1.0560804051620296,
        1.0618765798616958,
        1.0677470289519315,
        1.073647386066871,
        1.079526514871847,
        1.0853265902817568,
        1.0909834839611925,
        1.09642747640548,
        1.1015843033855544,
        1.1063765277179067,
        1.1107252087956898,
        1.1145518228664097,
        1.1177803676142597,
        1.1203395662871432,
        1.1221650706136992,
        1.1232015493265246,
        1.1234045415266312,
        1.122741952580357,
        1.121195075773722,
        1.1187590363768127,
        1.115442576560435,
        1.111267129799866,
        1.1062651715256417,
        1.1004778777714082,
        1.0939521736414914,
        1.0867373062363015,
        1.0788811289692941,
        1.0704263322909164,
        1.0614068953533533,
        1.0518450593178588,
        1.0417491310043465,
        1.0311124107239347,
        1.019913496195811,
        1.0081181426068329,
        0.9956827554423613,
        0.9825594589045182,
        0.9687025221014907,
        0.9540757454268658,
        0.9386602223543744,
        0.9224617133817637,
        0.9055167211358246,
        0.8878962639923537,
        0.8697063409830268,
        0.8510841957052238,
        0.8321897540899561,
        0.8131920592925436,
        0.7942511742882018,
        0.7754968711226167,
        0.757006443023346,
        0.7387850898557319,
        0.7207533974850265,
        0.7027472274716954,
        0.6845355015160489,
        0.6658603844318398,
        0.6465015014051133,
        0.6263600536896656,
        0.6055486299622853,
        0.5844563096748554,
        0.563733902276243,
        0.5441076944216595,
        0.5258778649226199,
        0.5078846135551519,
        0.48562452604166007
    ]
}